,Class 0,Class 1,Class 2,Class 3,Class 4,mean
F1,0.9198708,0.68224984,0.16562282,0.59123874,0.54928726,0.5816539
Precision,0.941572,0.5676949,0.21675774,0.59451574,0.59052277,0.5822126
Recall/Sens.,0.8991474,0.85472435,0.134009,0.5879977,0.5134348,0.5978626
