,Class 0,Class 1,Class 2,Class 3,Class 4,mean
F1,0.77949744,0.38852364,0.08043117,0.42987382,0.274092,0.39048362
Precision,0.7433061,0.3440974,0.15251572,0.46279252,0.29836583,0.40021554
Recall/Sens.,0.81939346,0.44612217,0.054617118,0.4013272,0.25347066,0.3949861
