,Class 0,Class 1,Class 2,Class 3,Class 4,mean
F1,0.8661591,0.5615654,0.18588115,0.53326565,0.44924942,0.51922417
Precision,0.8407925,0.50017875,0.1692877,0.5645213,0.58354205,0.5316645
Recall/Sens.,0.89310384,0.64012814,0.20608108,0.5052895,0.36520377,0.5219613
