,Class 0,Class 1,Class 2,Class 3,Class 4,mean
F1,0.8694228,0.57008755,0.119929455,0.47825676,0.4564494,0.4988292
Precision,0.8518047,0.48210442,0.24602026,0.55898565,0.4027634,0.5083357
Recall/Sens.,0.8877852,0.69735307,0.079291046,0.41790307,0.5266486,0.5217962
