,Class 0,Class 1,Class 2,Class 3,Class 4,mean
F1,0.9010809,0.46654692,0.17307147,0.5655496,0.44495615,0.510241
Precision,0.8990078,0.5104397,0.20212767,0.52139235,0.49487805,0.5255691
Recall/Sens.,0.9031637,0.42960513,0.15131907,0.61787826,0.40418327,0.5012299
