,Class 0,Class 1,Class 2,Class 3,Class 4,mean
F1,0.9001025,0.47084582,0.17492554,0.56886303,0.43778855,0.5105051
Precision,0.8916186,0.5318927,0.19180523,0.5246978,0.5034965,0.52870214
Recall/Sens.,0.90874946,0.42236924,0.16077651,0.62114656,0.387251,0.50005853
