,Class 0,Class 1,Class 2,Class 3,Class 4,mean
F1,0.90405345,0.5320935,0.21117678,0.55046207,0.45536608,0.5306304
Precision,0.93555963,0.4513708,0.21736726,0.54655576,0.49193355,0.5285574
Recall/Sens.,0.87460023,0.6479771,0.20532915,0.5544246,0.4238589,0.54123795
