,Class 0,Class 1,Class 2,Class 3,Class 4,mean
F1,0.857572,0.38610342,0.23479761,0.35027862,0.52433735,0.47061783
Precision,0.96260595,0.35959187,0.14460394,0.5830452,0.42110777,0.49419093
Recall/Sens.,0.7732045,0.41683537,0.62401223,0.25033745,0.6946138,0.5518006
