,Class 0,Class 1,Class 2,Class 3,Class 4,mean
F1,0.8211609,0.3556147,0.22014695,0.33061844,0.49029252,0.4435667
Precision,0.9630358,0.3210576,0.13522013,0.5303527,0.38538456,0.46701017
Recall/Sens.,0.7157206,0.39850825,0.591894,0.24016917,0.6736789,0.52399415
