,Class 0,Class 1,Class 2,Class 3,Class 4,mean
F1,0.83056694,0.38928303,0.24004668,0.5416064,0.41377977,0.48305655
Precision,0.7914036,0.5596788,0.22079037,0.5222506,0.44566426,0.5079575
Recall/Sens.,0.87380815,0.2984263,0.26298285,0.5624523,0.38615292,0.4767645
