,Class 0,Class 1,Class 2,Class 3,Class 4,mean
F1,0.8568902,0.36856773,0.2234957,0.32991678,0.5148918,0.45875245
Precision,0.95322686,0.34578392,0.1364945,0.5770484,0.41868755,0.48624825
Recall/Sens.,0.7782386,0.3945658,0.616365,0.23099074,0.66849595,0.5377312
