,Class 0,Class 1,Class 2,Class 3,Class 4,mean
F1,0.8967195,0.6753531,0.05946792,0.584537,0.53585637,0.5503868
Precision,0.8797818,0.62202084,0.4789916,0.656439,0.4339148,0.6142296
Recall/Sens.,0.91432214,0.73868847,0.031701893,0.52683145,0.7004059,0.58238995
