,Class 0,Class 1,Class 2,Class 3,Class 4,mean
F1,0.8134253,0.49466515,0.11846977,0.52410257,0.44871423,0.4798754
Precision,0.8334449,0.50456053,0.22748815,0.53371763,0.36335063,0.49251238
Recall/Sens.,0.79434484,0.4851505,0.08008899,0.5148279,0.58650434,0.4921833
