,Class 0,Class 1,Class 2,Class 3,Class 4,mean
F1,0.80141896,0.3991251,0.13819876,0.51391923,0.36708185,0.4439488
Precision,0.81053853,0.41797557,0.22879177,0.50819814,0.31627223,0.45635524
Recall/Sens.,0.7925023,0.38190153,0.09899889,0.5197705,0.43734145,0.44610292
