,Class 0,Class 1,Class 2,Class 3,Class 4,mean
F1,0.8929166,0.6981005,0.13820423,0.59564745,0.5508825,0.57515025
Precision,0.9120538,0.67613,0.33122364,0.6309606,0.43725783,0.5975252
Recall/Sens.,0.87456596,0.72154677,0.08731924,0.5640777,0.74429226,0.5983604
