,Class 0,Class 1,Class 2,Class 3,Class 4,mean
F1,0.641402,0.06333973,0.10461538,0.05680235,0.324441,0.23812008
Precision,0.47210583,1.0,1.0,1.0,1.0,0.8944212
Recall/Sens.,1.0,0.03270565,0.055194806,0.029231383,0.19363147,0.26215267
