,Class 0,Class 1,Class 2,Class 3,Class 4,mean
F1,0.8368556,0.54044634,0.1409201,0.5091696,0.44497943,0.49447423
Precision,0.8302959,0.56230175,0.23970346,0.5328082,0.34612983,0.5022478
Recall/Sens.,0.8435198,0.52022636,0.09979424,0.4875393,0.62285876,0.5147877
