,Class 0,Class 1,Class 2,Class 3,Class 4,mean
F1,0.8216525,0.44709444,0.07349939,0.3837946,0.42373914,0.42995602
Precision,0.7644681,0.37611464,0.32967034,0.52429396,0.38070974,0.4750513
Recall/Sens.,0.88808376,0.5510966,0.041360293,0.30268234,0.47773466,0.4521915
