,Class 0,Class 1,Class 2,Class 3,Class 4,mean
F1,0.8273052,0.45452684,0.14700544,0.45042765,0.39098805,0.45405063
Precision,0.7762616,0.40507483,0.21504425,0.5328703,0.40212408,0.46627504
Recall/Sens.,0.8855341,0.51773214,0.1116728,0.39007714,0.38045216,0.45709363
