,Class 0,Class 1,Class 2,Class 3,Class 4,mean
F1,0.88506055,0.51204884,0.16133618,0.5609664,0.4546072,0.5148038
Precision,0.89175504,0.49483666,0.2573696,0.55712813,0.41530508,0.5232789
Recall/Sens.,0.87846583,0.5305016,0.11749482,0.56485796,0.5021255,0.51868916
