,Class 0,Class 1,Class 2,Class 3,Class 4,mean
F1,0.85219634,0.54814655,0.12428078,0.52427477,0.47186652,0.504153
Precision,0.84273165,0.49911433,0.1849315,0.56399083,0.4305949,0.50427264
Recall/Sens.,0.86187595,0.60786194,0.093587525,0.48978433,0.52188843,0.5149996
