,Class 0,Class 1,Class 2,Class 3,Class 4,mean
F1,0.9203936,0.7206709,0.112742774,0.61973375,0.5967758,0.59406334
Precision,0.93077743,0.6124434,0.3131579,0.65267897,0.5478027,0.61137205
Recall/Sens.,0.91023886,0.87535954,0.06874639,0.5899546,0.6553648,0.61993283
