,Class 0,Class 1,Class 2,Class 3,Class 4,mean
F1,0.82256395,0.39056143,0.062122513,0.40955135,0.32368612,0.40169707
Precision,0.7927433,0.3392226,0.12265758,0.4514585,0.31541437,0.40429926
Recall/Sens.,0.8547159,0.46021092,0.041594453,0.37476352,0.33240342,0.41273767
