,Class 0,Class 1,Class 2,Class 3,Class 4,mean
F1,0.8827579,0.6234181,0.15521628,0.55612224,0.5355759,0.55061805
Precision,0.8986331,0.6017699,0.21497798,0.54012656,0.5094374,0.55298895
Recall/Sens.,0.8674339,0.64668185,0.12145346,0.57309425,0.5645418,0.55464107
