,Class 0,Class 1,Class 2,Class 3,Class 4,mean
F1,0.8097833,0.4764466,0.13653137,0.5389102,0.37050804,0.46643585
Precision,0.7869179,0.43816817,0.24666667,0.5309041,0.4031823,0.48116785
Recall/Sens.,0.83401716,0.52205324,0.094387755,0.5471615,0.3427327,0.46807045
